"STATION","DATE","LATITUDE","LONGITUDE","ELEVATION","NAME","AWND","AWND_ATTRIBUTES","CDSD","CDSD_ATTRIBUTES","CLDD","CLDD_ATTRIBUTES","DP01","DP01_ATTRIBUTES","DP10","DP10_ATTRIBUTES","DP1X","DP1X_ATTRIBUTES","DSND","DSND_ATTRIBUTES","DSNW","DSNW_ATTRIBUTES","DT00","DT00_ATTRIBUTES","DT32","DT32_ATTRIBUTES","DX32","DX32_ATTRIBUTES","DX70","DX70_ATTRIBUTES","DX90","DX90_ATTRIBUTES","DYFG","DYFG_ATTRIBUTES","DYHF","DYHF_ATTRIBUTES","DYNT","DYNT_ATTRIBUTES","DYSD","DYSD_ATTRIBUTES","DYSN","DYSN_ATTRIBUTES","DYTS","DYTS_ATTRIBUTES","DYXP","DYXP_ATTRIBUTES","DYXT","DYXT_ATTRIBUTES","EMNT","EMNT_ATTRIBUTES","EMSD","EMSD_ATTRIBUTES","EMSN","EMSN_ATTRIBUTES","EMXP","EMXP_ATTRIBUTES","EMXT","EMXT_ATTRIBUTES","HDSD","HDSD_ATTRIBUTES","HTDD","HTDD_ATTRIBUTES","PRCP","PRCP_ATTRIBUTES","SNOW","SNOW_ATTRIBUTES","TAVG","TAVG_ATTRIBUTES","TMAX","TMAX_ATTRIBUTES","TMIN","TMIN_ATTRIBUTES","WDF2","WDF2_ATTRIBUTES","WDF5","WDF5_ATTRIBUTES","WSF2","WSF2_ATTRIBUTES","WSF5","WSF5_ATTRIBUTES"
"USC00500270","1953-07","68.16667","-151.76667","640.1","ANAKTUVUK PASS, AK US","","","","","","","","","","","","","","","","","","","","","","","","","","","2","","","","","","","","","","1","","","","","","","","","","","","","","","","","","","","","","","","","","","","","","","","","","","","",""
"USC00500270","1953-08","68.16667","-151.76667","640.1","ANAKTUVUK PASS, AK US","","","","","0.0",",0","15",",0","7",",0","0",",0","0",",0","0",",0","0",",0","14",",0","0",",0","1",",0","0",",0","3","","","","19530821","+,,0","19530831","+,,0","19530814",",,0","","","19530823",",,0","19530801",",,0","-4.4",",0,21,+","0",",,0,31,+","0",",T,0,14,","12.7",",,0,23,","22.2",",0,01,","","","374.4",",0","54.5",",,,0","0",",T,,0","6.26",",0","11.02",",,,0","1.49",",,,0","","","","","","","",""
"USC00500270","1953-09","68.16667","-151.76667","640.1","ANAKTUVUK PASS, AK US","","","","","0.0",",0","11",",0","1",",0","0",",0","0","1,","","","0",",0","29",",0","8",",0","0",",0","0",",0","1","","","","19530929",",,0","19530930","+,1,0","","","","","19530930",",,0","19530916",",,0","-13.9",",0,29,","0","1,,0,30,+","","","10.2",",,0,30,","12.8",",0,16,","","","545.6",",0","20.1",",,,0","","","0.15",",0","4.81",",,,0","-4.52",",,,0","","","","","","","",""
"USC00500270","1953-10","68.16667","-151.76667","640.1","ANAKTUVUK PASS, AK US","","","","","0.0","1,0","10",",0","2",",0","0",",0","","","2",",0","11","1,0","30","1,0","30",",0","0",",0","0",",0","1","","","","19531030",",1,0","","","19531007",",,0","","","19531007",",,0","19531009",",,0","-30.6","1,0,30,","","","89",",,0,07,","8.9",",,0,07,","1.1",",0,09,","","","960.1",",0","19.0",",,,0","190",",,,0","-13.73","1,0","-10.32",",,,0","-17.14","1,,,0","","","","","","","",""
"USC00500270","1953-11","68.16667","-151.76667","640.1","ANAKTUVUK PASS, AK US","","","","","0.0","1,0","6",",0","2",",0","0",",0","","","2",",0","24",",0","30",",0","29","1,0","0","1,0","0","1,0","2","","","","19531123","+,,0","","","19531115",",,0","","","19531115",",,0","19531117",",1,0","-32.8",",0,23,+","","","38",",,0,15,","3.8",",,0,15,","-5.6","1,0,17,","","","1104.4","1,0","9.2",",,,0","92",",,,0","-19.61","1,0","-15.81","1,,,0","-23.41",",,,0","","","","","","","",""
"USC00500270","1953-12","68.16667","-151.76667","640.1","ANAKTUVUK PASS, AK US","","","","","0.0",",0","5",",0","0",",0","0",",0","","","0",",0","28",",0","31",",0","31",",0","0",",0","0",",0","","","","","19531218",",,0","","","19531203",",,0","","","19531203",",,0","19531222",",,0","-39.4",",0,18,","","","20",",,0,03,","2.0",",,0,03,","-5.6",",0,22,","","","1341.4",",0","6.2",",,,0","62",",,,0","-24.94",",0","-21.09",",,,0","-28.78",",,,0","","","","","","","",""
"USC00500270","1954-01","68.16667","-151.76667","640.1","ANAKTUVUK PASS, AK US","","","0.0","0","0.0",",0","5",",0","1",",0","0",",0","","","1",",0","30",",0","31",",0","31",",0","0",",0","0",",0","","","","","19540131",",,0","","","19540123",",,0","","","19540123",",,0","19540119","+,,0","-41.1",",0,31,","","","76",",,0,23,","7.6",",,0,23,","-7.8",",0,19,+","","","1343.3",",0","11.8",",,,0","118",",,,0","-25.00",",0","-20.16",",,,0","-29.83",",,,0","","","","","","","",""
"USC00500270","1954-02","68.16667","-151.76667","640.1","ANAKTUVUK PASS, AK US","","","0.0","0","0.0",",0","2",",0","2",",0","0",",0","","","2",",0","27",",0","28",",0","28",",0","0",",0","0",",0","","","","","19540223",",,0","","","19540227",",,0","","","19540227",",,0","19540206",",,0","-43.9",",0,23,","","","127",",,0,27,","12.7",",,0,27,","-6.7",",0,06,","","","1320.4",",0","15.2",",,,0","152",",,,0","-28.83",",0","-24.80",",,,0","-32.85",",,,0","","","","","","","",""
"USC00500270","1954-03","68.16667","-151.76667","640.1","ANAKTUVUK PASS, AK US","","","0.0","0","0.0",",0","3",",0","1",",0","0",",0","","","1",",0","18",",0","31",",0","31",",0","0",",0","0",",0","","","","","19540309",",,0","","","19540321",",,0","","","19540321",",,0","19540330","+,,0","-36.7",",0,09,","","","102",",,0,21,","10.2",",,0,21,","-2.2",",0,30,+","","","1115.9",",0","12.3",",,,0","123",",,,0","-17.66",",0","-13.33",",,,0","-21.99",",,,0","","","","","","","",""
"USC00500270","1954-04","68.16667","-151.76667","640.1","ANAKTUVUK PASS, AK US","","","0.0","0","0.0","3,0","4",",0","2",",0","0",",0","","","2",",0","16","2,0","28","2,0","25","3,0","0","3,0","0","3,0","","","","","19540414","+,2,0","","","19540404",",,0","","","19540404",",,0","19540430",",3,0","-28.9","2,0,14,+","","","127",",,0,04,","12.7",",,0,04,","1.7","3,0,30,","","","874.6","3,0","18.5",",,,0","185",",,,0","-13.97","3,0","-9.32","3,,,0","-18.63","2,,,0","","","","","","","",""
"USC00500270","1954-05","68.16667","-151.76667","640.1","ANAKTUVUK PASS, AK US","","","0.0","0","0.0","1,0","5",",0","1",",0","0",",0","","","1",",0","0","1,0","30","1,0","9","1,0","0","1,0","0","1,0","1","","","","19540513",",1,0","","","19540526",",,0","","","19540526",",,0","19540509",",1,0","-16.7","1,0,13,","","","51",",,0,26,","5.1",",,0,26,","12.2","1,0,09,","","","633.3","1,0","9.8",",,,0","80",",,,0","-2.78","1,0","3.07","1,,,0","-8.63","1,,,0","","","","","","","",""
"USC00500270","1954-06","68.16667","-151.76667","640.1","ANAKTUVUK PASS, AK US","","","0.0","0","0.0","1,0","10",",0","2",",0","0",",0","","","0",",0","0","1,0","14","1,0","0","1,0","1","1,0","0","1,0","","","","","19540612","+,1,0","","","19540630","+,,0","","","19540622",",,0","19540630",",1,0","-3.9","1,0,12,+","","","0",",,0,30,+","3.8",",,0,22,","21.1","1,0,30,","","","354.8","1,0","17.1",",,,0","0",",,,0","6.10","1,0","11.78","1,,,0","0.42","1,,,0","","","","","","","",""
"USC00500270","1954-07","68.16667","-151.76667","640.1","ANAKTUVUK PASS, AK US","","","0.0","0","0.0",",0","8",",0","4",",0","0",",0","","","0",",0","0",",0","7",",0","0",",0","8",",0","0",",0","","","","","19540711",",,0","","","19540711",",,0","1","","19540729",",,0","19540718",",,0","-3.3",",0,11,","","","0",",T,0,11,","6.4",",,0,29,","24.4",",0,18,","251.4","0","251.4",",0","23.7",",,,0","0",",T,,0","10.22",",0","15.66",",,,0","4.78",",,,0","","","","","","","",""
"USC00500270","1954-08","68.16667","-151.76667","640.1","ANAKTUVUK PASS, AK US","","","0.0","0","0.0","2,0","16",",0","6",",0","0",",0","","","0",",0","0","2,0","0","2,0","0","1,0","2","1,0","0","1,0","","","","","19540830","+,2,0","","","19540831","+,,0","","","19540813",",,0","19540811","+,1,0","0.6","2,0,30,+","","","0",",,0,31,+","9.4",",,0,13,","21.1","1,0,11,+","506.7","0","255.3","1,0","30.0",",,,0","0",",,,0","9.52","2,0","13.76","1,,,0","5.29","2,,,0","","","","","","","",""
"USC00500270","1954-09","68.16667","-151.76667","640.1","ANAKTUVUK PASS, AK US","","","0.0","0","0.0","3,0","16",",0","7",",0","0",",0","","","6",",0","1","3,0","16","3,0","6","2,0","0","2,0","0","2,0","","","","","19540925",",3,0","","","19540918",",,0","","","19540918",",,0","19540902",",2,0","-18.3","3,0,25,","","","102",",,0,18,","10.2",",,0,18,","13.3","2,0,02,","986.1","0","479.4","2,0","52.7",",,,0","431",",,,0","0.40","3,0","4.07","2,,,0","-3.28","3,,,0","","","","","","","",""
"USC00500270","1954-10","68.16667","-151.76667","640.1","ANAKTUVUK PASS, AK US","","","0.0","0","0.0","1,0","7",",0","5",",0","0",",0","","","5",",0","8","1,0","30","1,0","28","1,0","0","1,0","0","1,0","","","","","19541021",",1,0","","","19541031",",,0","","","19541031",",,0","19541002",",1,0","-21.1","1,0,21,","","","102",",,0,31,","10.2",",,0,31,","3.3","1,0,02,","1849.6","0","863.5","1,0","32.5",",,,0","325",",,,0","-10.45","1,0","-7.44","1,,,0","-13.46","1,,,0","","","","","","","",""
"USC00500270","1954-11","68.16667","-151.76667","640.1","ANAKTUVUK PASS, AK US","","","0.0","0","0.0",",0","8",",0","8",",0","0",",0","","","8",",0","25",",0","30",",0","30",",0","0",",0","0",",0","","","","","19541114",",,0","","","19541106",",,0","","","19541106",",,0","19541103","+,,0","-31.7",",0,14,","","","102",",,0,06,","10.2",",,0,06,","-1.1",",0,03,+","2974.5","0","1124.9",",0","50.8",",,,0","508",",,,0","-19.17",",0","-15.96",",,,0","-22.37",",,,0","","","","","","","",""
"USC00500270","1954-12","68.16667","-151.76667","640.1","ANAKTUVUK PASS, AK US","","","0.0","0","0.0","2,0","1",",0","1",",0","0",",0","","","1",",0","29","2,0","29","2,0","31",",0","0",",0","0",",0","","","","","19541211",",2,0","","","19541222",",,0","","","19541222",",,0","19541201",",,0","-38.9","2,0,11,","","","76",",,0,22,","7.6",",,0,22,","-13.3",",0,01,","4371.4","0","1396.9",",0","7.6",",,,0","76",",,,0","-29.91","2,0","-27.20",",,,0","-32.62","2,,,0","","","","","","","",""
"USC00500270","1955-01","68.16667","-151.76667","640.1","ANAKTUVUK PASS, AK US","","","0.0","0","0.0",",0","6",",0","6",",0","0",",0","","","6",",0","22",",0","31",",0","31",",0","0",",0","0",",0","2","","","","19550103",",,0","","","19550129",",,0","","","19550129",",,0","19550111","+,,0","-41.1",",0,03,","","","76",",,0,29,","7.6",",,0,29,","-3.9",",0,11,+","5562.1","0","1190.7",",0","25.3",",,,0","253",",,,0","-20.08",",0","-16.33",",,,0","-23.83",",,,0","","","","","","","",""
"USC00500270","1955-02","68.16667","-151.76667","640.1","ANAKTUVUK PASS, AK US","","","0.0","0","0.0","1,0","3",",0","3",",0","0",",0","","","3",",0","28",",0","28",",0","27","1,0","0","1,0","0","1,0","","","","","19550215",",,0","","","19550226",",,0","","","19550226",",,0","19550204",",1,0","-42.8",",0,15,","","","102",",,0,26,","10.2",",,0,26,","-9.4","1,0,04,","6864.1","0","1302.0","1,0","22.9",",,,0","229",",,,0","-29.68","1,0","-26.45","1,,,0","-32.92",",,,0","","","","","","","",""
"USC00500270","1955-03","68.16667","-151.76667","640.1","ANAKTUVUK PASS, AK US","","","0.0","0","0.0","4,0","5",",0","5",",0","0",",0","","","5",",0","27","4,0","27","4,0","27","4,0","0","4,0","0","4,0","","","","","19550303",",4,0","","","19550306",",,0","","","19550306",",,0","19550327",",4,0","-37.8","4,0,03,","","","127",",,0,06,","12.7",",,0,06,","-9.4","4,0,27,","7980.1","0","1116.0","4,0","45.8",",,,0","458",",,,0","-23.00","4,0","-17.88","4,,,0","-28.12","4,,,0","","","","","","","",""
"USC00500270","1955-04","68.16667","-151.76667","640.1","ANAKTUVUK PASS, AK US","","","","","","","1","5,0","1","5,0","0","5,0","","","1",",0","","","","","","","","","","","","","","","","","","","19550417",",,0","","","19550417",",5,0","","","","","","","51",",,0,17,","5.1","5,,0,17,","","","","","","","10.2",",a,,0","102",",a,,0","","","","","","","","","","","","","",""
"USC00500270","1955-05","68.16667","-151.76667","640.1","ANAKTUVUK PASS, AK US","","","","","0.0","1,0","7",",0","6",",0","0",",0","","","6",",0","4","1,0","29","1,0","13","1,0","0","1,0","0","1,0","","","","","19550506",",1,0","","","19550518",",,0","","","19550518",",,0","19550530","+,1,0","-22.8","1,0,06,","","","152",",,0,18,","15.2",",,0,18,","12.2","1,0,30,+","","","642.6","1,0","39.9",",,,0","379",",,,0","-3.09","1,0","1.59","1,,,0","-7.76","1,,,0","","","","","","","",""
"USC00500270","1955-06","68.16667","-151.76667","640.1","ANAKTUVUK PASS, AK US","","","","","0.0","1,0","17",",0","6",",0","0",",0","","","1",",0","0","1,0","13","1,0","0",",0","0",",0","0",",0","","","","","19550606",",1,0","","","19550617",",,0","","","19550626",",,0","19550625",",,0","-3.3","1,0,06,","","","51",",,0,17,","8.4",",,0,26,","18.9",",0,25,","","","338.2",",0","38.1",",,,0","51",",,,0","6.78","1,0","11.79",",,,0","1.76","1,,,0","","","","","","","",""
"USC00500270","1955-07","68.16667","-151.76667","640.1","ANAKTUVUK PASS, AK US","","","","","3.1",",0","14",",0","5",",0","0",",0","","","0",",0","0",",0","1",",0","0",",0","9",",0","0",",0","1","","","","19550730",",,0","","","19550731","+,,0","3","","19550708",",,0","19550725",",,0","-3.3",",0,30,","","","0",",,0,31,+","6.9",",,0,08,","28.9",",0,25,","196.7","0","196.7",",0","35.0",",,,0","0",",,,0","12.09",",0","18.15",",,,0","6.02",",,,0","","","","","","","",""
"USC00500270","1955-08","68.16667","-151.76667","640.1","ANAKTUVUK PASS, AK US","","","","","0.0","2,0","15",",0","4",",0","0",",0","0",",0","1",",0","0","1,0","13","1,0","0","2,0","0","2,0","0","2,0","","","","","19550830",",1,0","19550831","+,,0","19550830",",,0","","","19550824",",,0","19550802",",2,0","-7.8","1,0,30,","0",",,0,31,+","76",",,0,30,","4.8",",,0,24,","20.6","2,0,02,","550.1","0","353.4","2,0","23.4",",,,0","76",",,,0","6.17","2,0","11.76","2,,,0","0.59","1,,,0","","","","","","","",""
"USC00500270","1955-09","68.16667","-151.76667","640.1","ANAKTUVUK PASS, AK US","","","","","0.0","3,0","13","2,0","5","2,0","0","2,0","","","3",",0","1","2,0","16","2,0","7","3,0","0","3,0","0","3,0","","","","","19550925",",2,0","","","19550915",",,0","","","19550915",",2,0","19550912",",3,0","-17.8","2,0,25,","","","102",",,0,15,","10.2","2,,0,15,","11.7","3,0,12,","1027.6","0","477.5","3,0","33.8",",a,,0","204",",,,0","0.56","3,0","4.09","3,,,0","-2.98","2,,,0","","","","","","","",""
"USC00500270","1955-10","68.16667","-151.76667","640.1","ANAKTUVUK PASS, AK US","","","","","0.0",",0","8",",0","5",",0","0",",0","","","5",",0","15",",0","30",",0","28",",0","0",",0","0",",0","","","","","19551016",",,0","","","19551006",",,0","","","19551006",",,0","19551001",",,0","-27.2",",0,16,","","","76",",,0,06,","7.6",",,0,06,","3.3",",0,01,","1979.7","0","952.1",",0","21.5",",,,0","215",",,,0","-12.38",",0","-8.87",",,,0","-15.89",",,,0","","","","","","","",""
"USC00500270","1955-11","68.16667","-151.76667","640.1","ANAKTUVUK PASS, AK US","","","","","0.0",",0","4",",0","2",",0","0",",0","","","2",",0","28",",0","30",",0","30",",0","0",",0","0",",0","","","","","19551115",",,0","","","19551113",",,0","","","19551113",",,0","19551103",",,0","-36.7",",0,15,","","","51",",,0,13,","5.1",",,0,13,","-7.2",",0,03,","3240.4","0","1260.7",",0","10.2",",,,0","102",",,,0","-23.69",",0","-19.94",",,,0","-27.44",",,,0","","","","","","","",""
"USC00500270","1955-12","68.16667","-151.76667","640.1","ANAKTUVUK PASS, AK US","","","","","0.0",",0","4",",0","4",",0","0",",0","","","4",",0","30",",0","31",",0","31",",0","0",",0","0",",0","","","","","19551210",",,0","","","19551221",",,0","","","19551221",",,0","19551221",",,0","-42.8",",0,10,","","","127",",,0,21,","12.7",",,0,21,","-3.3",",0,21,","4594.6","0","1354.2",",0","40.7",",,,0","407",",,,0","-25.35",",0","-21.04",",,,0","-29.66",",,,0","","","","","","","",""
"USC00500270","1956-01","68.16667","-151.76667","640.1","ANAKTUVUK PASS, AK US","","","0.0","","0.0","1,0","1",",0","1",",0","0",",0","","","1",",0","29","1,0","30","1,0","31",",0","0",",0","0",",0","","","","","19560123","+,1,0","","","19560129",",,0","","","19560129",",,0","19560113",",,0","-42.8","1,0,23,+","","","25",",,0,29,","2.5",",,0,29,","-5.0",",0,13,","5981.2","","1386.6",",0","2.5",",,,0","25",",,,0","-27.71","1,0","-23.58",",,,0","-31.83","1,,,0","","","","","","","",""
"USC00500270","1956-02","68.16667","-151.76667","640.1","ANAKTUVUK PASS, AK US","","","0.0","","0.0","4,0","4",",0","3",",0","0",",0","","","3",",0","26","3,0","26","3,0","25","4,0","0","4,0","0","4,0","","","","","19560229",",3,0","","","19560224","+,,0","","","19560224","+,,0","19560225","+,4,0","-41.1","3,0,29,","","","51",",,0,24,+","5.1",",,0,24,+","-17.8","4,0,25,+","7183.3","","1202.1","4,0","14.0",",,,0","140",",,,0","-29.54","4,0","-26.62","4,,,0","-32.46","3,,,0","","","","","","","",""
"USC00500270","1956-03","68.16667","-151.76667","640.1","ANAKTUVUK PASS, AK US","","","0.0","","0.0","2,0","6","2,0","6","2,0","0","2,0","","","6",",0","21","2,0","29","2,0","29","2,0","0","2,0","0","2,0","","","","","19560301",",2,0","","","19560320","+,,0","","","19560320","+,2,0","19560316",",2,0","-38.9","2,0,01,","","","38",",,0,20,+","3.8","2,,0,20,+","-2.2","2,0,16,","8262.7","","1079.4","2,0","25.2",",a,,0","252",",a,,0","-18.89","2,0","-14.60","2,,,0","-23.18","2,,,0","","","","","","","",""
"USC00500270","1956-05","68.16667","-151.76667","640.1","ANAKTUVUK PASS, AK US","","","","","0.0","4,0","1",",0","0",",0","0",",0","0","2,0","0","2,0","0","4,0","27","4,0","5","4,0","0","4,0","0","4,0","1","","","","19560524",",4,0","19560531","+,2,0","19560531","+,2,0","","","19560529",",,0","19560527",",4,0","-10.0","4,0,24,","0","2,,0,31,+","0","2,,0,31,+","2.0",",,0,29,","11.7","4,0,27,","","","494.4","4,0","2.0",",,,0","0","2,,,0","0.02","4,0","4.65","4,,,0","-4.61","4,,,0","","","","","","","",""
"USC00500270","1956-06","68.16667","-151.76667","640.1","ANAKTUVUK PASS, AK US","","","","","0.0","1,0","8",",0","4",",0","0",",0","0","1,0","0",",0","0","1,0","13","1,0","0","1,0","0","1,0","0","1,0","","","","","19560601",",1,0","19560630","+,1,0","19560626","+,,0","1","","19560619",",,0","19560613",",1,0","-3.3","1,0,01,","0","1,,0,30,+","0",",T,0,26,+","6.9",",,0,19,","20.0","1,0,13,","","","321.8","1,0","21.3",",,,0","0",",T,,0","7.24","1,0","13.79","1,,,0","0.68","1,,,0","","","","","","","",""
"USC00500270","1956-07","68.16667","-151.76667","640.1","ANAKTUVUK PASS, AK US","","","","","0.0","1,0","13",",0","5",",0","0",",0","0",",0","0",",0","0","1,0","6","1,0","0","1,0","4","1,0","0","1,0","","","","","19560721",",1,0","19560731","+,,0","19560705",",,0","","","19560705",",,0","19560711","+,1,0","-3.3","1,0,21,","0",",,0,31,+","0",",T,0,05,","14.0",",,0,05,","21.7","1,0,11,+","233.9","","233.9","1,0","39.7",",,,0","0",",T,,0","10.54","1,0","16.82","1,,,0","4.26","1,,,0","","","","","","","",""
"USC00500270","1956-08","68.16667","-151.76667","640.1","ANAKTUVUK PASS, AK US","","","","","0.0","4,0","13",",0","8",",0","0",",0","0",",0","0","3,0","0","3,0","17","3,0","0","4,0","1","4,0","0","4,0","1","","","","19560813",",3,0","19560831","+,,0","19560831","+,3,0","","","19560814",",,0","19560817",",4,0","-4.4","3,0,13,","0",",,0,31,+","0","3,,0,31,+","7.4",",,0,14,","21.7","4,0,17,","617.1","","383.2","4,0","46.8",",,,0","0","3,,,0","4.35","4,0","8.52","4,,,0","0.18","3,,,0","","","","","","","",""
"USC00500270","1956-09","68.16667","-151.76667","640.1","ANAKTUVUK PASS, AK US","","","","","0.0","2,0","10",",0","4",",0","0",",0","","","2",",0","0","1,0","22","1,0","11","2,0","0","2,0","0","2,0","","","","","19560924",",1,0","","","19560917",",,0","","","19560917",",,0","19560907",",2,0","-16.1","1,0,24,","","","76",",,0,17,","7.6",",,0,17,","13.3","2,0,07,","1159.7","","542.6","2,0","26.0",",,,0","153",",,,0","-0.86","2,0","3.21","2,,,0","-4.92","1,,,0","","","","","","","",""
"USC00500270","1956-10","68.16667","-151.76667","640.1","ANAKTUVUK PASS, AK US","","","","","0.0","3,0","3",",0","3",",0","0",",0","","","3",",0","17","3,0","28","3,0","28","3,0","0","3,0","0","3,0","1","","","","19561022",",3,0","","","19561002",",,0","","","19561002",",,0","19561026",",3,0","-30.6","3,0,22,","","","51",",,0,02,","5.1",",,0,02,","-2.2","3,0,26,","2102.5","","942.8","3,0","10.1",",,,0","101",",,,0","-15.34","3,0","-11.48","3,,,0","-19.19","3,,,0","","","","","","","",""
"USC00500270","1957-02","68.16667","-151.76667","640.1","ANAKTUVUK PASS, AK US","","","","","0.0","1,0","0",",0","0",",0","0",",0","","","0",",0","24","1,0","27","1,0","27","1,0","0","1,0","0","1,0","","","","","19570214",",1,0","","","19570228","+,,0","","","19570228","+,,0","19570201",",1,0","-43.9","1,0,14,","","","0",",,0,28,+","0.0",",,0,28,+","-2.8","1,0,01,","","","1199.4","1,0","0.0",",,,0","0",",,,0","-26.09","1,0","-22.02","1,,,0","-30.16","1,,,0","","","","","","","",""
"USC00500270","1957-04","68.16667","-151.76667","640.1","ANAKTUVUK PASS, AK US","","","","","0.0","4,0","0",",0","0",",0","0",",0","","","0",",0","11","4,0","26","4,0","20","3,0","0","3,0","0","3,0","1","","","","19570404",",4,0","","","19570430","+,,0","","","19570413",",,0","19570417",",3,0","-26.1","4,0,04,","","","0",",,0,30,+","0.0",",T,0,13,","7.2","3,0,17,","","","742.2","3,0","0.0",",T,,0","0",",,,0","-10.04","4,0","-4.37","3,,,0","-15.72","4,,,0","","","","","","","",""
"USC00500270","1957-05","68.16667","-151.76667","640.1","ANAKTUVUK PASS, AK US","","","","","0.0",",0","8",",0","3",",0","0",",0","","","0",",0","2",",0","25",",0","3",",0","0",",0","0",",0","","","","","19570501",",,0","","","19570531","+,,0","","","19570523",",,0","19570520",",,0","-22.8",",0,01,","","","0",",,0,31,+","3.8",",,0,23,","13.3",",0,20,","","","561.5",",0","13.7",",,,0","0",",,,0","0.22",",0","5.76",",,,0","-5.33",",,,0","","","","","","","",""
"USC00500270","1957-06","68.16667","-151.76667","640.1","ANAKTUVUK PASS, AK US","","","","","0.0",",0","10",",0","2",",0","0",",0","","","0",",0","0",",0","7",",0","0",",0","5",",0","0",",0","1","","","","19570623",",,0","","","19570630","+,,0","1","","19570602",",,0","19570609",",,0","-4.4",",0,23,","","","0",",,0,30,+","3.8",",,0,02,","25.0",",0,09,","","","270.9",",0","14.4",",,,0","0",",,,0","9.30",",0","15.56",",,,0","3.05",",,,0","","","","","","","",""
"USC00500270","1957-07","68.16667","-151.76667","640.1","ANAKTUVUK PASS, AK US","","","","","0.0",",0","13",",0","4",",0","0",",0","","","","","0",",0","4",",0","0",",0","7",",0","0",",0","","","","","19570727",",,0","","","","","5","","19570721",",,0","19570711",",,0","-2.2",",0,27,","","","","","17.8",",,0,21,","26.1",",0,11,","232.8","0","232.8",",0","32.6",",,,0","","","10.82",",0","16.75",",,,0","4.90",",,,0","","","","","","","",""
"USC00500270","1957-08","68.16667","-151.76667","640.1","ANAKTUVUK PASS, AK US","","","","","0.0","1,0","12","3,0","4","3,0","0","3,0","","","","","0","1,0","2","1,0","0","1,0","0","1,0","0","1,0","","","","","19570823","+,1,0","","","","","","","19570806",",3,0","19570809",",1,0","-0.6","1,0,23,+","","","","","6.6","3,,0,06,","20.0","1,0,09,","482.9","0","250.1","1,0","31.6","1,a,,0","","","10.00","1,0","15.17","1,,,0","4.83","1,,,0","","","","","","","",""
"USC00500270","1957-09","68.16667","-151.76667","640.1","ANAKTUVUK PASS, AK US","","","","","0.0","3,0","11",",0","6",",0","0",",0","","","0",",0","1","3,0","19","3,0","9","3,0","0","3,0","0","3,0","","","","","19570926",",3,0","","","19570930","+,,0","","","19570914",",,0","19570903",",3,0","-18.9","3,0,26,","","","0",",,0,30,+","14.7",",,0,14,","17.2","3,0,03,","976.3","0","493.4","3,0","46.6",",,,0","102",",a,,0","0.06","3,0","4.03","3,,,0","-3.91","3,,,0","","","","","","","",""
"USC00500270","1957-10","68.16667","-151.76667","640.1","ANAKTUVUK PASS, AK US","","","","","0.0","2,0","","","","","","","","","6",",0","10","2,0","27","2,0","20","2,0","0","2,0","0","2,0","","","","","19571031",",2,0","","","19571030",",,0","","","","","19571023","+,2,0","-28.3","2,0,31,","","","102",",,0,30,","","","5.0","2,0,23,+","1746.7","0","770.4","2,0","","","253",",,,0","-8.23","2,0","-5.07","2,,,0","-11.40","2,,,0","","","","","","","",""
"USC00500270","1957-11","68.16667","-151.76667","640.1","ANAKTUVUK PASS, AK US","","","","","0.0","3,0","0","1,0","0","1,0","0","1,0","","","1",",0","22","3,0","27","3,0","28","2,0","0","2,0","0","2,0","","","","","19571128",",3,0","","","19571108",",,0","","","19571130","+,1,0","19571120","+,2,0","-34.4","3,0,28,","","","76",",,0,08,","0.0","1,,0,30,+","-4.4","2,0,20,+","2805.4","0","1058.7","2,0","0.0","1,,,0","76",",,,0","-20.74","3,0","-16.90","2,,,0","-24.59","3,,,0","","","","","","","",""
"USC00500270","1957-12","68.16667","-151.76667","640.1","ANAKTUVUK PASS, AK US","","","","","0.0","3,0","0","2,0","0","2,0","0","2,0","","","2",",0","26","3,0","28","3,0","28","3,0","0","3,0","0","3,0","1","","","","19571223","+,3,0","","","19571210",",,0","","","19571231","+,2,0","19571210",",3,0","-40.6","3,0,23,+","","","76",",,0,10,","0.0","2,,0,31,+","-7.2","3,0,10,","4100.6","0","1295.2","3,0","0.0","2,,,0","127",",,,0","-27.92","3,0","-24.83","3,,,0","-31.02","3,,,0","","","","","","","",""
"USC00500270","1958-01","68.16667","-151.76667","640.1","ANAKTUVUK PASS, AK US","","","0.0","","0.0","3,0","0","2,0","0","2,0","0","2,0","","","2",",0","28","3,0","28","3,0","28","3,0","0","3,0","0","3,0","1","","","","19580101",",3,0","","","19580129",",,0","","","19580131","+,2,0","19580106",",3,0","-40.0","3,0,01,","","","51",",,0,29,","0.0","2,,0,31,+","-8.9","3,0,06,","5348.0","","1247.4","3,0","0.0","2,,,0","76",",,,0","-26.22","3,0","-22.52","3,,,0","-29.91","3,,,0","","","","","","","",""
"USC00500270","1958-02","68.16667","-151.76667","640.1","ANAKTUVUK PASS, AK US","","","0.0","","0.0","3,0","0","1,0","0","1,0","0","1,0","","","0",",0","24","3,0","25","3,0","26","2,0","0","2,0","0","2,0","","","","","19580220",",3,0","","","19580222",",,0","","","19580228","+,1,0","19580204","+,2,0","-41.1","3,0,20,","","","13",",,0,22,","0.0","1,,0,28,+","-9.4","2,0,04,+","6478.3","","1130.3","2,0","0.0","1,,,0","13",",,,0","-26.90","3,0","-22.76","2,,,0","-31.05","3,,,0","","","","","","","",""
"USC00500270","1958-03","68.16667","-151.76667","640.1","ANAKTUVUK PASS, AK US","","","0.0","","0.0",",0","0","3,0","0","3,0","0","3,0","","","2",",0","23",",0","31",",0","30",",0","0",",0","0",",0","","","","","19580329","+,,0","","","19580320","+,,0","","","19580331","+,3,0","19580303",",,0","-35.6",",0,29,+","","","51",",,0,20,+","0.0","3,,0,31,+","2.8",",0,03,","7643.5","","1165.2",",0","0.0","3,,,0","115",",,,0","-19.25",",0","-15.21",",,,0","-23.30",",,,0","","","","","","","",""
"USC00500270","1958-06","68.16667","-151.76667","640.1","ANAKTUVUK PASS, AK US","","","","","0.0","1,0","20",",0","8",",0","1",",0","0",",0","0",",0","0","1,0","1","1,0","0","1,0","4","1,0","0","1,0","","","","","19580617",",1,0","19580630","+,,0","19580630","+,,0","5","","19580617",",,0","19580621",",1,0","0.0","1,0,17,","0",",,0,30,+","0",",,0,30,+","40.1",",,0,17,","23.9","1,0,21,","","","206.5","1,0","108.8",",,,0","0",",,,0","11.21","1,0","16.93","1,,,0","5.49","1,,,0","","","","","","","",""
"USC00500270","1958-07","68.16667","-151.76667","640.1","ANAKTUVUK PASS, AK US","","","","","0.0","4,0","13",",0","4",",0","0",",0","0",",0","0",",0","0","4,0","0","4,0","0","4,0","2","4,0","0","4,0","","","","","19580725","+,4,0","19580731","+,,0","19580731","+,,0","","","19580723",",,0","19580704",",4,0","1.7","4,0,25,+","0",",,0,31,+","0",",,0,31,+","8.9",",,0,23,","23.9","4,0,04,","170.3","","170.3","4,0","31.1",",,,0","0",",,,0","12.02","4,0","17.44","4,,,0","6.61","4,,,0","","","","","","","",""
"USC00500270","1958-08","68.16667","-151.76667","640.1","ANAKTUVUK PASS, AK US","","","","","0.0","4,0","11",",0","5",",0","0",",0","0",",0","0",",0","0","4,0","0","4,0","0","4,0","0","4,0","0","4,0","","","","","19580831","+,4,0","19580831","+,,0","19580831","+,,0","","","19580826",",,0","19580813",",4,0","0.6","4,0,31,+","0",",,0,31,+","0",",,0,31,+","5.1",",,0,26,","20.0","4,0,13,","417.4","","247.1","4,0","26.0",",,,0","0",",,,0","9.18","4,0","13.31","4,,,0","5.05","4,,,0","","","","","","","",""
"USC00500270","1958-09","68.16667","-151.76667","640.1","ANAKTUVUK PASS, AK US","","","","","0.0","3,0","6","2,0","0","2,0","0","2,0","1","5,0","","","0","2,0","24","2,0","3","2,0","0","2,0","0","2,0","","","","","19580930",",2,0","19580929",",5,0","","","","","19580928",",2,0","19580902",",2,0","-13.9","2,0,30,","51","5,,0,29,","","","1.8","2,,0,28,","10.0","2,0,02,","891.9","","474.5","2,0","7.7","2,,,0","","","0.80","3,0","4.59","2,,,0","-2.99","2,,,0","","","","","","","",""
"USC00500270","1958-10","68.16667","-151.76667","640.1","ANAKTUVUK PASS, AK US","","","","","0.0","3,0","","","","","","","","","7",",0","20","3,0","28","3,0","28","3,0","0","3,0","0","3,0","","","","","19581021",",3,0","","","19581014","+,,0","","","","","19581015",",3,0","-27.8","3,0,21,","","","76",",,0,14,+","","","-3.9","3,0,15,","1848.4","","956.5","3,0","","","355",",,,0","-15.83","3,0","-11.94","3,,,0","-19.72","3,,,0","","","","","","","",""
"USC00500270","1959-01","68.16667","-151.76667","640.1","ANAKTUVUK PASS, AK US","","","","","","","0","5,0","0","5,0","0","5,0","0","5,0","0","4,0","","","","","","","","","","","2","","","","","","19590131","+,5,0","19590112",",4,0","","","19590131","+,5,0","","","","","0","5,,0,31,+","13","4,,0,12,","0.0","5,,0,31,+","","","","","","","0.0","5,,,0","13","4,,,0","","","","","","","","","","","","","",""
"USC00500270","1959-02","68.16667","-151.76667","640.1","ANAKTUVUK PASS, AK US","","","","","0.0","1,0","","","","","","","","","4",",0","21","1,0","27","1,0","28",",0","0",",0","0",",0","","","","","19590224",",1,0","","","19590205",",,0","","","","","19590217",",,0","-33.3","1,0,24,","","","102",",,0,05,","","","-1.7",",0,17,","","","986.9",",0","","","242",",,,0","-18.21","1,0","-14.41",",,,0","-22.01","1,,,0","","","","","","","",""
"USC00500270","1959-03","68.16667","-151.76667","640.1","ANAKTUVUK PASS, AK US","","","","","0.0","3,0","0",",0","0",",0","0",",0","","","0",",0","28","3,0","28","3,0","28","3,0","0","3,0","0","3,0","","","","","19590304",",3,0","","","19590331","+,,0","","","19590331","+,,0","19590331",",3,0","-37.2","3,0,04,","","","0",",,0,31,+","0.0",",,0,31,+","-9.4","3,0,31,","","","1315.2","3,0","0.0",",,,0","0",",,,0","-28.64","3,0","-24.91","3,,,0","-32.36","3,,,0","","","","","","","",""
"USC00500270","1959-04","68.16667","-151.76667","640.1","ANAKTUVUK PASS, AK US","","","","","0.0","2,0","0","4,0","0","4,0","0","4,0","","","4",",0","16","1,0","29","1,0","26","2,0","0","2,0","0","2,0","","","","","19590416",",1,0","","","19590425","+,,0","","","19590430","+,4,0","19590409",",2,0","-32.8","1,0,16,","","","127",",,0,25,+","0.0","4,,0,30,+","1.7","2,0,09,","","","932.3","2,0","0.0","4,,,0","444",",,,0","-15.00","2,0","-9.63","2,,,0","-20.37","1,,,0","","","","","","","",""
"USC00500270","1959-05","68.16667","-151.76667","640.1","ANAKTUVUK PASS, AK US","","","","","0.0","5,0","1","2,0","1","2,0","0","2,0","0","2,0","2",",0","2","5,0","24","5,0","10","5,0","0","5,0","0","5,0","1","","","","19590508",",5,0","19590530","+,2,0","19590510","+,,0","","","19590525",",2,0","19590531",",5,0","-20.0","5,0,08,","0","2,T,0,30,+","25",",,0,10,+","2.5","2,,0,25,","12.2","5,0,31,","","","558.8","5,0","2.5","2,,,0","50",",,,0","-3.16","5,0","1.63","5,,,0","-7.95","5,,,0","","","","","","","",""
"USC00500270","1959-06","68.16667","-151.76667","640.1","ANAKTUVUK PASS, AK US","","","","","0.0","1,0","8",",0","5",",0","0",",0","0",",0","0",",0","0","1,0","7","1,0","0","1,0","7","1,0","0","1,0","","","","","19590601",",1,0","19590630","+,,0","19590630","+,,0","3","","19590624",",,0","19590614",",1,0","-3.3","1,0,01,","0",",,0,30,+","0",",,0,30,+","6.1",",,0,24,","22.8","1,0,14,","","","232.9","1,0","22.8",",,,0","0",",,,0","10.30","1,0","16.58","1,,,0","4.03","1,,,0","","","","","","","",""
"USC00500270","1959-07","68.16667","-151.76667","640.1","ANAKTUVUK PASS, AK US","","","","","0.0","4,0","20",",0","7",",0","0",",0","0","4,0","0","5,0","0","4,0","7","4,0","0","4,0","0","4,0","0","4,0","","","","","19590731",",4,0","19590731","+,4,0","19590731","+,5,0","","","19590710",",,0","19590702",",4,0","-2.8","4,0,31,","0","4,,0,31,+","0","5,,0,31,+","10.2",",,0,10,","20.6","4,0,02,","299.9","","299.9","4,0","48.8",",,,0","0","5,,,0","7.22","4,0","11.67","4,,,0","2.78","4,,,0","","","","","","","",""
"USC00500270","1959-08","68.16667","-151.76667","640.1","ANAKTUVUK PASS, AK US","","","","","0.0","3,0","15",",0","5",",0","0",",0","0",",0","0",",0","0","3,0","7","3,0","0","3,0","1","3,0","0","3,0","","","","","19590804",",3,0","19590831","+,,0","19590831","+,,0","","","19590823",",,0","19590812",",3,0","-3.9","3,0,04,","0",",,0,31,+","0",",,0,31,+","14.2",",,0,23,","21.7","3,0,12,","611.7","","311.8","3,0","38.3",",,,0","0",",,,0","7.20","3,0","11.55","3,,,0","2.85","3,,,0","","","","","","","",""
"USC00500270","1959-09","68.16667","-151.76667","640.1","ANAKTUVUK PASS, AK US","","","","","","","4","1,0","0","1,0","0","1,0","0",",0","0",",0","","","","","","","","","","","","","","","","","19590930","+,,0","19590925",",,0","","","19590901",",1,0","","","","","0",",,0,30,+","13",",,0,25,","1.3","1,,0,01,","","","","","","","3.3","1,,,0","13",",,,0","","","","","","","","","","","","","",""
"USC00500270","1959-10","68.16667","-151.76667","640.1","ANAKTUVUK PASS, AK US","","","","","","","","","","","","","","","6",",0","","","","","","","","","","","","","","","","","","","19591030",",,0","","","","","","","","","","","127",",,0,30,","","","","","","","","","","","431",",a,,0","","","","","","","","","","","","","",""
"USC00500270","1959-11","68.16667","-151.76667","640.1","ANAKTUVUK PASS, AK US","","","","","0.0","5,0","0",",0","0",",0","0",",0","","","0",",0","24","5,0","25","5,0","25","5,0","0","5,0","0","5,0","","","","","19591121","+,5,0","","","19591130","+,,0","","","19591130","+,,0","19591125","+,5,0","-38.3","5,0,21,+","","","0",",,0,30,+","0.0",",,0,30,+","-7.8","5,0,25,+","","","1017.9","5,0","0.0",",,,0","0",",,,0","-22.38","5,0","-17.93","5,,,0","-26.84","5,,,0","","","","","","","",""
"USC00500270","1960-02","68.16667","-151.76667","640.1","ANAKTUVUK PASS, AK US","","","","","0.0","3,0","","","","","","","","","","","19","2,0","27","2,0","26","3,0","0","3,0","0","3,0","1","","","","19600213",",2,0","","","","","","","","","19600229",",3,0","-38.9","2,0,13,","","","","","","","-3.3","3,0,29,","","","982.4","3,0","","","","","-19.74","3,0","-15.70","3,,,0","-23.79","2,,,0","","","","","","","",""
"USC00500270","1960-03","68.16667","-151.76667","640.1","ANAKTUVUK PASS, AK US","","","","","0.0","2,0","0",",0","0",",0","0",",0","","","","","25","2,0","29","2,0","29","2,0","0","2,0","0","2,0","","","","","19600310",",2,0","","","","","","","19600331","+,,0","19600301",",2,0","-36.7","2,0,10,","","","","","0.0",",,0,31,+","-5.0","2,0,01,","","","1207.3","2,0","0.0",",,,0","","","-23.30","2,0","-18.81","2,,,0","-27.78","2,,,0","","","","","","","",""
"USC00500270","1960-04","68.16667","-151.76667","640.1","ANAKTUVUK PASS, AK US","","","","","0.0",",0","","","","","","","","","","","20",",0","30",",0","25",",0","0",",0","0",",0","","","","","19600405",",,0","","","","","","","","","19600430","+,,0","-38.9",",0,05,","","","","","","","4.4",",0,30,+","","","1104.7",",0","","","","","-18.49",",0","-13.48",",,,0","-23.50",",,,0","","","","","","","",""
"USC00500270","1960-05","68.16667","-151.76667","640.1","ANAKTUVUK PASS, AK US","","","","","0.0",",0","1","2,0","0","2,0","0","2,0","","","0",",0","1",",0","27",",0","6",",0","0",",0","0",",0","","","","","19600504",",,0","","","19600510","+,,0","","","19600526",",2,0","19600524",",,0","-18.3",",0,04,","","","13",",,0,10,+","0.5","2,,0,26,","16.7",",0,24,","","","580.0",",0","0.5","2,,,0","26",",,,0","-0.38",",0","4.73",",,,0","-5.48",",,,0","","","","","","","",""
"USC00500270","1960-06","68.16667","-151.76667","640.1","ANAKTUVUK PASS, AK US","","","","","0.0","2,0","12",",0","6",",0","0",",0","0",",0","0",",0","0","2,0","10","2,0","0","2,0","1","2,0","0","2,0","","","","","19600601",",2,0","19600630","+,,0","19600630","+,,0","","","19600618","+,,0","19600628",",2,0","-6.1","2,0,01,","0",",,0,30,+","0",",,0,30,+","6.9",",,0,18,+","21.1","2,0,28,","","","309.4","2,0","33.0",",,,0","0",",,,0","7.28","2,0","12.78","2,,,0","1.79","2,,,0","","","","","","","",""
"USC00500270","1960-07","68.16667","-151.76667","640.1","ANAKTUVUK PASS, AK US","","","","","0.0","3,0","11",",0","3",",0","0",",0","0",",0","0",",0","0","3,0","3","3,0","0","3,0","6","3,0","0","3,0","","","","","19600724",",3,0","19600731","+,,0","19600731","+,,0","","","19600704",",,0","19600714","+,3,0","-2.2","3,0,24,","0",",,0,31,+","0",",,0,31,+","13.7",",,0,04,","24.4","3,0,14,+","255.1","","255.1","3,0","35.9",",,,0","0",",,,0","9.22","3,0","15.05","3,,,0","3.39","3,,,0","","","","","","","",""
"USC00500270","1960-08","68.16667","-151.76667","640.1","ANAKTUVUK PASS, AK US","","","","","0.0","1,0","13",",0","3",",0","0",",0","0",",0","0","3,0","0","1,0","13","1,0","0","1,0","2","1,0","0","1,0","1","","","","19600823",",1,0","19600831","+,,0","19600831","+,3,0","","","19600803",",,0","19600811",",1,0","-6.1","1,0,23,","0",",,0,31,+","0","3,,0,31,+","9.7",",,0,03,","23.9","1,0,11,","611.9","","356.8","1,0","29.6",",,,0","0","3,,,0","6.44","1,0","11.28","1,,,0","1.60","1,,,0","","","","","","","",""
"USC00500270","1960-09","68.16667","-151.76667","640.1","ANAKTUVUK PASS, AK US","","","","","","","","","","","","","","","4","2,0","1","5,0","25","5,0","","","","","","","","","","","19600919",",5,0","","","19600917",",2,0","","","","","","","-17.8","5,0,19,","","","152","2,,0,17,","","","","","","","","","10.4","3,a,,0","342","2,,,0","","","","","-7.18","5,,,0","","","","","","","",""
"USC00500270","1960-10","68.16667","-151.76667","640.1","ANAKTUVUK PASS, AK US","","","","","","","","","","","","","","","1",",0","","","","","","","","","","","1","","","","","","","","19601018",",,0","","","","","","","","","","","51",",,0,18,","","","","","","","","","","","77",",,,0","","","","","","","","","","","","","",""
"USC00500270","1960-11","68.16667","-151.76667","640.1","ANAKTUVUK PASS, AK US","","","","","0.0","3,0","","","","","","","","","","","27","3,0","27","3,0","27","3,0","0","3,0","0","3,0","","","","","19601120",",3,0","","","","","","","","","19601127","+,3,0","-37.2","3,0,20,","","","","","","","-16.1","3,0,27,+","","","1182.5","3,0","","","","","-25.46","3,0","-22.38","3,,,0","-28.54","3,,,0","","","","","","","",""
"USC00500270","1961-02","68.16667","-151.76667","640.1","ANAKTUVUK PASS, AK US","","","","","","","0","2,0","0","2,0","0","2,0","","","2",",0","","","","","","","","","","","","","","","","","","","19610207",",,0","","","19610228","+,2,0","","","","","","","51",",,0,07,","0.0","2,,0,28,+","","","","","","","0.0","2,,,0","76",",,,0","","","","","","","","","","","","","",""
"USC00500270","1961-04","68.16667","-151.76667","640.1","ANAKTUVUK PASS, AK US","","","","","","","","","","","","","","","3","2,0","","","","","","","","","","","","","","","","","","","19610426",",2,0","","","","","","","","","","","51","2,,0,26,","","","","","","","","","","","101","2,,,0","","","","","","","","","","","","","",""
"USC00500270","1961-05","68.16667","-151.76667","640.1","ANAKTUVUK PASS, AK US","","","","","0.0","4,0","8","2,0","3","2,0","0","2,0","","","0",",0","0","4,0","22","4,0","4","4,0","0","4,0","0","4,0","","","","","19610501",",4,0","","","19610521","+,,0","","","19610528",",2,0","19610531",",4,0","-15.0","4,0,01,","","","13",",,0,21,+","14.5","2,,0,28,","13.9","4,0,31,","","","459.0","4,0","24.1","2,,,0","26",",,,0","1.33","4,0","6.68","4,,,0","-4.01","4,,,0","","","","","","","",""
"USC00500270","1961-06","68.16667","-151.76667","640.1","ANAKTUVUK PASS, AK US","","","","","0.0","2,0","16",",0","4",",0","0",",0","0",",0","0",",0","0","2,0","0","2,0","0","2,0","0","2,0","0","2,0","","","","","19610627","+,2,0","19610630","+,,0","19610630","+,,0","","","19610607",",,0","19610629",",2,0","1.1","2,0,27,+","0",",,0,30,+","0",",,0,30,+","9.9",",,0,07,","19.4","2,0,29,","","","255.3","2,0","39.4",",,,0","0",",,,0","9.21","2,0","13.71","2,,,0","4.71","2,,,0","","","","","","","",""
"USC00500270","1961-07","68.16667","-151.76667","640.1","ANAKTUVUK PASS, AK US","","","","","0.0","1,0","19",",0","13",",0","0",",0","0",",0","0",",0","0","1,0","0","1,0","0","1,0","3","1,0","0","1,0","","","","","19610703",",1,0","19610731","+,,0","19610704",",,0","1","","19610712",",,0","19610711",",1,0","0.6","1,0,03,","0",",,0,31,+","0",",T,0,04,","20.3",",,0,12,","23.3","1,0,11,","244.9","","244.9","1,0","94.4",",,,0","0",",T,,0","10.17","1,0","14.47","1,,,0","5.87","1,,,0","","","","","","","",""
"USC00500270","1961-08","68.16667","-151.76667","640.1","ANAKTUVUK PASS, AK US","","","","","","","13",",0","5",",0","0",",0","0",",0","0",",0","","","","","","","","","","","","","","","","","19610831","+,,0","19610831","+,,0","","","19610808",",,0","","","","","0",",,0,31,+","0",",,0,31,+","6.6",",,0,08,","","","","","","","35.4",",,,0","0",",,,0","","","","","","","","","","","","","",""
"USC00500270","1961-09","68.16667","-151.76667","640.1","ANAKTUVUK PASS, AK US","","","","","0.0","1,0","11","3,0","3","3,0","0","3,0","0","3,0","2","3,0","0","1,0","18","1,0","3","1,0","0","1,0","0","1,0","","","","","19610929",",1,0","19610930","+,3,0","19610929",",3,0","","","19610903",",3,0","19610912",",1,0","-6.7","1,0,29,","0","3,,0,30,+","152","3,,0,29,","5.8","3,,0,03,","16.1","1,0,12,","","","438.8","1,0","23.5","3,,,0","254","3,,,0","3.20","1,0","6.71","1,,,0","-0.31","1,,,0","","","","","","","",""
"USC00500270","1961-10","68.16667","-151.76667","640.1","ANAKTUVUK PASS, AK US","","","","","0.0","5,0","","","","","","","","","7",",0","17","5,0","26","5,0","24","5,0","0","5,0","0","5,0","","","","","19611015",",5,0","","","19611004",",,0","","","","","19611020","+,5,0","-26.7","5,0,15,","","","127",",,0,04,","","","0.6","5,0,20,+","","","872.8","5,0","","","522",",,,0","-15.24","5,0","-12.09","5,,,0","-18.38","5,,,0","","","","","","","",""
"USC00500270","1961-11","68.16667","-151.76667","640.1","ANAKTUVUK PASS, AK US","","","","","","","","","","","","","","","3",",0","23","5,0","25","5,0","","","","","","","1","","","","19611125",",5,0","","","19611117","+,,0","","","","","","","-36.1","5,0,25,","","","76",",,0,17,+","","","","","","","","","","","203",",,,0","","","","","-27.14","5,,,0","","","","","","","",""
"USC00500270","1966-10","68.16667","-151.76667","640.1","ANAKTUVUK PASS, AK US","","","","","0.0",",0","6",",0","0",",0","0",",0","","","","","13",",0","31",",0","26",",0","0",",0","0",",0","","","","","19661027",",,0","","","","","","","19661030",",,0","19661001",",,0","-31.1",",0,27,","","","","","0.8",",,0,30,","7.8",",0,01,","","","944.1",",0","2.5",",,,0","","","-12.12",",0","-8.92",",,,0","-15.32",",,,0","","","","","","","",""
"USC00500270","1966-11","68.16667","-151.76667","640.1","ANAKTUVUK PASS, AK US","","","","","0.0",",0","9",",0","0",",0","0",",0","","","5","4,0","27",",0","30",",0","30",",0","0",",0","0",",0","","","","","19661102",",,0","","","19661115",",4,0","","","19661115",",,0","19661108",",,0","-40.0",",0,02,","","","58","4,,0,15,","1.3",",,0,15,","-4.4",",0,08,","","","1148.7",",0","5.4",",,,0","200","4,,,0","-19.96",",0","-14.30",",,,0","-25.61",",,,0","","","","","","","",""
"USC00500270","1966-12","68.16667","-151.76667","640.1","ANAKTUVUK PASS, AK US","","","","","0.0",",0","6",",0","0",",0","0",",0","","","4","1,0","30",",0","31",",0","31",",0","0",",0","0",",0","","","","","19661222",",,0","","","19661204",",1,0","","","19661204",",,0","19661204",",,0","-35.6",",0,22,","","","127","1,,0,04,","2.0",",,0,04,","-7.2",",0,04,","","","1305.2",",0","5.5",",,,0","292","1,,,0","-23.77",",0","-19.35",",,,0","-28.19",",,,0","","","","","","","",""
"USC00500270","1967-01","68.16667","-151.76667","640.1","ANAKTUVUK PASS, AK US","","","0.0","","0.0","2,0","3",",0","0",",0","0",",0","","","5",",0","29","1,0","30","1,0","29","2,0","0","2,0","0","2,0","","","","","19670114",",1,0","","","19670130",",,0","","","19670130","+,,0","19670119",",2,0","-35.0","1,0,14,","","","114",",,0,30,","0.5",",,0,30,+","-8.9","2,0,19,","","","1154.1","2,0","1.3",",,,0","312",",,,0","-21.58","2,0","-16.86","2,,,0","-26.29","1,,,0","","","","","","","",""
"USC00500270","1967-02","68.16667","-151.76667","640.1","ANAKTUVUK PASS, AK US","","","0.0","","0.0","1,0","","","","","","","","","","","24","1,0","27","1,0","28",",0","0",",0","0",",0","","","","","19670202",",1,0","","","","","","","","","19670221",",,0","-41.1","1,0,02,","","","","","","","-3.9",",0,21,","","","1094.6",",0","","","","","-22.39","1,0","-18.04",",,,0","-26.74","1,,,0","","","","","","","",""
"USC00500270","1967-03","68.16667","-151.76667","640.1","ANAKTUVUK PASS, AK US","","","0.0","","0.0",",0","6",",0","0",",0","0",",0","","","","","24",",0","31",",0","31",",0","0",",0","0",",0","","","","","19670312",",,0","","","","","","","19670305",",,0","19670331",",,0","-39.4",",0,12,","","","","","2.0",",,0,05,","-2.8",",0,31,","","","1146.9",",0","3.9",",,,0","","","-18.66",",0","-13.10",",,,0","-24.22",",,,0","","","","","","","",""
"USC00500270","1967-04","68.16667","-151.76667","640.1","ANAKTUVUK PASS, AK US","","","0.0","","0.0","1,0","1",",0","0",",0","0",",0","","","","","18","1,0","29","1,0","23","1,0","0","1,0","0","1,0","","","","","19670419",",1,0","","","","","","","19670405",",,0","19670430",",1,0","-36.7","1,0,19,","","","","","0.8",",,0,05,","5.6","1,0,30,","","","857.3","1,0","0.8",",,,0","","","-11.23","1,0","-5.07","1,,,0","-17.39","1,,,0","","","","","","","",""
"USC00500270","1967-05","68.16667","-151.76667","640.1","ANAKTUVUK PASS, AK US","","","","","","","","","","","","","0",",0","1",",0","","","","","","","","","","","","","","","","","19670531","+,,0","19670512",",,0","","","","","","","","","0",",,0,31,+","76",",,0,12,","","","","","","","","","","","76",",,,0","","","","","","","","","","","","","",""
"USC00500270","1967-06","68.16667","-151.76667","640.1","ANAKTUVUK PASS, AK US","","","","","","","15",",0","6",",0","0",",0","0",",0","0",",0","","","","","0","3,0","7","3,0","0","3,0","","","","","","","19670630","+,,0","19670630","+,,0","","","19670621",",,0","19670620",",3,0","","","0",",,0,30,+","0",",,0,30,+","11.2",",,0,21,","27.2","3,0,20,","","","","","41.7",",,,0","0",",,,0","","","15.13","3,,,0","","","","","","","","","",""
"USC00500270","1967-07","68.16667","-151.76667","640.1","ANAKTUVUK PASS, AK US","","","","","","","21",",0","10",",0","0",",0","0",",0","0","1,0","","","","","0",",0","6",",0","1",",0","","","","","","","19670731","+,,0","19670731","+,1,0","","","19670731",",,0","19670714",",,0","","","0",",,0,31,+","0","1,,0,31,+","23.4",",,0,31,","32.8",",0,14,","","","","","73.0",",,,0","0","1,,,0","","","16.11",",,,0","","","","","","","","","",""
"USC00500270","1967-08","68.16667","-151.76667","640.1","ANAKTUVUK PASS, AK US","","","","","","","","","","","","","0",",0","0",",0","","","","","","","","","","","","","","","","","19670831","+,,0","19670831","+,,0","","","","","","","","","0",",,0,31,+","0",",,0,31,+","","","","","","","","","","","0",",,,0","","","","","","","","","","","","","",""
"USC00500270","1967-09","68.16667","-151.76667","640.1","ANAKTUVUK PASS, AK US","","","","","","","8",",0","4",",0","0",",0","0",",0","0",",0","","","","","5",",0","0",",0","0",",0","","","","","","","19670930","+,,0","19670930","+,,0","","","19670914",",,0","19670916",",,0","","","0",",,0,30,+","0",",,0,30,+","9.4",",,0,14,","16.7",",0,16,","","","","","21.6",",,,0","0",",,,0","","","4.69",",,,0","","","","","","","","","",""
"USC00500270","1967-10","68.16667","-151.76667","640.1","ANAKTUVUK PASS, AK US","","","","","","","6","1,0","0","1,0","0","1,0","","","","","","","","","25","3,0","0","3,0","0","3,0","","","","","","","","","","","","","19671028","+,1,0","19671005","+,3,0","","","","","","","1.0","1,,0,28,+","1.7","3,0,05,+","","","","","3.7","1,,,0","","","","","-8.34","3,,,0","","","","","","","","","",""
"USC00500270","1967-11","68.16667","-151.76667","640.1","ANAKTUVUK PASS, AK US","","","","","0.0",",0","8",",0","0",",0","0",",0","","","","","24",",0","30",",0","27",",0","0",",0","0",",0","","","","","19671124",",,0","","","","","","","19671116","+,,0","19671113",",,0","-40.0",",0,24,","","","","","1.3",",,0,16,+","1.7",",0,13,","","","1139.2",",0","5.1",",,,0","","","-19.64",",0","-12.83",",,,0","-26.45",",,,0","","","","","","","",""
"USC00500270","1968-11","68.16667","-151.76667","640.1","ANAKTUVUK PASS, AK US","","","","","0.0","1,0","","","","","","","27","3,0","0",",0","28",",0","30",",0","29","1,0","0","1,0","0","1,0","","","","","19681122",",,0","19681116","+,3,0","19681108","+,,0","","","","","19681105","+,1,0","-38.3",",0,22,","127","3,,0,16,+","0",",T,0,08,+","","","-10.0","1,0,05,+","","","1223.3","1,0","","","0",",T,,0","-23.81","1,0","-20.20","1,,,0","-27.42",",,,0","","","","","","","",""
"USC00500270","1968-12","68.16667","-151.76667","640.1","ANAKTUVUK PASS, AK US","","","","","0.0","2,0","","","","","","","31",",","","","24","2,0","29","2,0","30","1,0","0","1,0","0","1,0","","","","","19681208",",2,0","19681227",",,0","","","","","","","19681216",",1,0","-35.6","2,0,08,","203",",,0,27,","","","","","-2.2","1,0,16,","","","1184.9","1,0","","","","","-22.35","2,0","-18.16","1,,,0","-26.55","2,,,0","","","","","","","",""
"USC00500270","1969-01","68.16667","-151.76667","640.1","ANAKTUVUK PASS, AK US","","","0.0","","0.0","5,0","","","","","","","","","","","26","4,0","27","4,0","26","5,0","0","5,0","0","5,0","","","","","19690108",",4,0","","","","","","","","","19690126",",5,0","-40.0","4,0,08,","","","","","","","-6.7","5,0,26,","","","1135.2","5,0","","","","","-25.06","5,0","-20.31","5,,,0","-29.82","4,,,0","","","","","","","",""
"USC00500270","1970-03","68.16667","-151.76667","640.1","ANAKTUVUK PASS, AK US","","","","","","","4","1,0","0","1,0","0","1,0","","","","","","","","","","","","","","","","","","","","","","","","","","","19700316",",1,0","","","","","","","","","2.0","1,,0,16,","","","","","","","6.0","1,,,0","","","","","","","","","","","","","","","",""
"USC00500270","1970-04","68.16667","-151.76667","640.1","ANAKTUVUK PASS, AK US","","","","","0.0",",0","","","","","","","","","","","14",",0","30",",0","21",",0","0",",0","0",",0","","","","","19700410","+,,0","","","","","","","","","19700414",",,0","-37.8",",0,10,+","","","","","","","2.8",",0,14,","","","934.3",",0","","","","","-12.81",",0","-7.96",",,,0","-17.66",",,,0","","","","","","","",""
"USC00500270","1970-05","68.16667","-151.76667","640.1","ANAKTUVUK PASS, AK US","","","","","0.0",",0","1",",0","0",",0","0",",0","0",",0","0",",0","3",",0","29",",0","8",",0","0",",0","0",",0","","","","","19700503",",,0","19700531","+,,0","19700531","+,,0","","","19700531",",,0","19700531",",,0","-22.2",",0,03,","0",",,0,31,+","0",",,0,31,+","1.0",",,0,31,","17.2",",0,31,","","","597.6",",0","1.0",",,,0","0",",,,0","-0.95",",0","5.29",",,,0","-7.18",",,,0","","","","","","","",""
"USC00500270","1970-06","68.16667","-151.76667","640.1","ANAKTUVUK PASS, AK US","","","","","0.0",",0","","","","","","","","","","","0",",0","19",",0","0",",0","0",",0","0",",0","","","","","19700606",",,0","","","","","","","","","19700616",",,0","-11.1",",0,06,","","","","","","","18.9",",0,16,","","","378.2",",0","","","","","5.73",",0","11.61",",,,0","-0.16",",,,0","","","","","","","",""
"USC00500270","1970-07","68.16667","-151.76667","640.1","ANAKTUVUK PASS, AK US","","","","","","","2",",0","2",",0","0",",0","0",",0","0",",0","","","","","","","","","","","","","","","","","19700731","+,,0","19700731","+,,0","","","19700705",",,0","","","","","0",",,0,31,+","0",",,0,31,+","22.9",",,0,05,","","","","","","","35.6",",,,0","0",",,,0","","","","","","","","","","","","","",""
"USC00500270","1970-09","68.16667","-151.76667","640.1","ANAKTUVUK PASS, AK US","","","","","","","1",",0","1",",0","0",",0","0",",0","0",",0","","","","","","","","","","","","","","","","","19700930","+,,0","19700930","+,,0","","","19700930",",,0","","","","","0",",,0,30,+","0",",,0,30,+","9.4",",,0,30,","","","","","","","9.4",",,,0","0",",,,0","","","","","","","","","","","","","",""
"USC00500270","1971-12","68.16667","-151.76667","640.1","ANAKTUVUK PASS, AK US","","","","","","","2",",0","0",",0","0",",0","","","0",",0","","","","","","","","","","","","","","","","","","","19711230",",,0","","","19711230",",,0","","","","","","","18",",,0,30,","1.8",",,0,30,","","","","","","","3.1",",,,0","31",",,,0","","","","","","","","","","","","","",""
"USC00500270","1972-01","68.16667","-151.76667","640.1","ANAKTUVUK PASS, AK US","","","","","","","5",",0","1",",0","0",",0","","","4",",0","","","","","","","","","","","","","","","","","","","19720122",",,0","","","19720122",",,0","","","","","","","127",",,0,22,","12.7",",,0,22,","","","","","","","15.3",",,,0","348",",,,0","","","","","","","","","","","","","",""
"USC00500270","1972-02","68.16667","-151.76667","640.1","ANAKTUVUK PASS, AK US","","","","","","","0",",0","0",",0","0",",0","","","0",",0","","","","","","","","","","","","","","","","","","","19720213","+,,0","","","19720213","+,,0","","","","","","","0",",T,0,13,+","0.0",",T,0,13,+","","","","","","","0.0",",T,,0","0",",T,,0","","","","","","","","","","","","","",""
"USC00500270","1972-09","68.16667","-151.76667","640.1","ANAKTUVUK PASS, AK US","","","","","0.0","2,0","","","","","","","","","","","0",",0","26",",0","17","2,0","0","2,0","0","2,0","","","","","19720927",",,0","","","","","","","","","19720904",",2,0","-12.8",",0,27,","","","","","","","12.8","2,0,04,","","","573.9","2,0","","","","","-2.29","2,0","1.28","2,,,0","-5.86",",,,0","","","","","","","",""
"USC00500270","1973-06","68.16667","-151.76667","640.1","ANAKTUVUK PASS, AK US","","","","","","","","","","","","","0",",","","","","","","","","","","","","","","","","","","","19730630","+,,0","","","","","","","","","","","0",",,0,30,+","","","","","","","","","","","","","","","","","","","","","","","","","","","",""
"USC00500270","1973-08","68.16667","-151.76667","640.1","ANAKTUVUK PASS, AK US","","","","","0.0","1,0","4",",0","2",",0","1",",0","","","","","0",",0","31",",0","1","1,0","0","1,0","0","1,0","","","","","19730822","+,,0","","","","","","","19730804",",,0","19730821","+,1,0","-10.0",",0,22,+","","","","","51.6",",,0,04,","15.6","1,0,21,+","","","504.0","1,0","70.1",",,,0","","","1.50","1,0","8.62","1,,,0","-5.63",",,,0","","","","","","","",""
"USC00500270","2020-09","68.16667","-151.76667","640.1","ANAKTUVUK PASS, AK US","","","","","","","","","","","","","","","","","","","","","","","","","","","9","","1","","","","","","","","","","","","","","","","","","","","","","","","","","","","","","","","","","","","","","","","","","","","",""
"USC00500270","2020-10","68.16667","-151.76667","640.1","ANAKTUVUK PASS, AK US","3.4","2,W","","","0.0","2,W","7","2,W","0","2,W","0","2,W","","","","","7","2,W","29","2,W","21","2,W","0","2,W","0","2,W","17","","2","","20201027",",2,W","","","","","","","20201001",",2,W","20201003",",2,W","-23.2","2,W,27,","","","","","1.3","2,,W,01,","8.9","2,W,03,","","","773.4","2,W","4.2","2,,,W","","","-8.34","2,W","-4.74","2,,,W","-11.93","2,,,W","230","2,W","230","2,W","10.3","2,W","12.5","2,W"
"USC00500270","2020-11","68.16667","-151.76667","640.1","ANAKTUVUK PASS, AK US","4.6",",W","","","0.0",",W","2",",W","0",",W","0",",W","","","","","17",",W","30",",W","30",",W","0",",W","0",",W","23","","1","","20201103",",,W","","","","","","","20201126","+,,W","20201107",",,W","-27.1",",W,03,","","","","","0.3",",,W,26,+","-1.6",",W,07,","","","1010.3",",W","0.6",",,,W","","","-15.35",",W","-12.10",",,,W","-18.59",",,,W","230",",W","230",",W","11.6",",W","14.3",",W"
"USC00500270","2020-12","68.16667","-151.76667","640.1","ANAKTUVUK PASS, AK US","4.1","1,W","","","0.0","1,W","0","1,W","0","1,W","0","1,W","","","","","27","1,W","30","1,W","30","1,W","0","1,W","0","1,W","23","","2","","20201220",",1,W","","","","","","","20201231","+,1,W","20201203",",1,W","-40.5","1,W,20,","","","","","0.0","1,T,W,31,+","-4.9","1,W,03,","","","1222.5","1,W","0.0","1,T,,W","","","-22.42","1,W","-18.50","1,,,W","-26.34","1,,,W","60","1,W","230","1,W","10.7","1,W","13.9","1,W"
"USC00500270","2021-01","68.16667","-151.76667","640.1","ANAKTUVUK PASS, AK US","3.6","1,W","0.0","W","0.0","1,W","1","1,W","0","1,W","0","1,W","","","","","23","1,W","30","1,W","30","1,W","0","1,W","0","1,W","18","","1","","20210104",",1,W","","","","","","","20210122",",1,W","20210122",",1,W","-37.1","1,W,04,","","","","","0.5","1,,W,22,","-2.1","1,W,22,","","","1198.8","1,W","0.5","1,,,W","","","-21.63","1,W","-17.64","1,,,W","-25.61","1,,,W","40","1,W","50","1,W","10.3","1,W","13.9","1,W"
"USC00500270","2021-02","68.16667","-151.76667","640.1","ANAKTUVUK PASS, AK US","","","","","","","","","","","","","","","","","","","","","","","","","","","10","","3","","","","","","","","","","","","","","","","","","","","","","","","","","","","","","","","","","","","","","","","","","","","",""
"USC00500270","2021-03","68.16667","-151.76667","640.1","ANAKTUVUK PASS, AK US","","","","","0.0","3,W","0","3,W","0","3,W","0","3,W","","","","","24","3,W","28","3,W","28","3,W","0","3,W","0","3,W","18","","","","20210312",",3,W","","","","","","","20210331","+,3,W","20210308",",3,W","-34.3","3,W,12,","","","","","0.0","3,T,W,31,+","-1.6","3,W,08,","","","1083.4","3,W","0.0","3,T,,W","","","-20.36","3,W","-16.25","3,,,W","-24.48","3,,,W","230","3,W","170","3,W","13.0","3,W","15.7","3,W"
"USC00500270","2021-04","68.16667","-151.76667","640.1","ANAKTUVUK PASS, AK US","4.4","2,W","","","0.0","2,W","2","2,W","0","2,W","0","2,W","","","","","11","2,W","28","2,W","16","2,W","0","2,W","0","2,W","12","","1","","20210408",",2,W","","","","","","","20210413",",2,W","20210426",",2,W","-35.5","2,W,08,","","","","","1.8","2,,W,13,","6.1","2,W,26,","","","865.9","2,W","2.3","2,,,W","","","-12.59","2,W","-7.60","2,,,W","-17.58","2,,,W","60","2,W","50","2,W","11.2","2,W","13.9","2,W"
"USC00500270","2021-05","68.16667","-151.76667","640.1","ANAKTUVUK PASS, AK US","4.3","3,W","","","","","9","1,W","2","1,W","0","1,W","","","","","","","","","","","","","","","10","","3","","","","","","","","","","20210513",",1,W","","","","","","","","","6.9","1,,W,13,","","","","","","","17.4","1,,,W","","","","","","","","","40","1,W","40","1,W","10.7","1,W","13.4","1,W"
"USC00500270","2021-06","68.16667","-151.76667","640.1","ANAKTUVUK PASS, AK US","","","","","","","17","3,W","4","3,W","0","3,W","","","","","","","","","","","","","","","4","","1","","","","","","","","","","20210625",",3,W","","","","","","","","","10.4","3,,W,25,","","","","","","","31.8","3,,,W","","","","","","","","","240","3,W","160","3,W","10.7","3,W","14.3","3,W"
"USC00500270","2021-07","68.16667","-151.76667","640.1","ANAKTUVUK PASS, AK US","4.1",",W","","","0.0",",W","16",",W","2",",W","0",",W","","","","","0",",W","0",",W","0",",W","6",",W","0",",W","7","","3","","20210715",",,W","","","","","","","20210703",",,W","20210719","+,,W","1.7",",W,15,","","","","","11.2",",,W,03,","24.4",",W,19,+","181.5","W","181.5",",W","27.0",",,,W","","","12.48",",W","17.30",",,,W","7.65",",,,W","180",",W","190",",W","12.5",",W","15.7",",W"
"USC00500270","2021-08","68.16667","-151.76667","640.1","ANAKTUVUK PASS, AK US","4.1",",W","","","0.0",",W","18",",W","5",",W","0",",W","","","","","0",",W","8",",W","0",",W","3",",W","0",",W","17","","4","","20210819",",,W","","","","","","","20210815",",,W","20210804",",,W","-3.2",",W,19,","","","","","7.1",",,W,15,","22.8",",W,04,","541.8","W","360.3",",W","36.3",",,,W","","","6.71",",W","10.60",",,,W","2.82",",,,W","60",",W","70",",W","10.3",",W","14.8",",W"
"USC00500270","2021-09","68.16667","-151.76667","640.1","ANAKTUVUK PASS, AK US","3.0","1,W","","","0.0","1,W","12","1,W","1","1,W","0","1,W","","","","","2","1,W","18","1,W","12","1,W","0","1,W","0","1,W","19","","5","","20210925",",1,W","","","","","","","20210905",",1,W","20210910",",1,W","-22.7","1,W,25,","","","","","4.8","1,,W,05,","14.4","1,W,10,","1091.2","W","549.4","1,W","14.9","1,,,W","","","-0.61","1,W","4.27","1,,,W","-5.49","1,,,W","170","1,W","150","1,W","11.2","1,W","14.3","1,W"
"USC00500270","2021-10","68.16667","-151.76667","640.1","ANAKTUVUK PASS, AK US","3.4","1,W","","","0.0","1,W","1","1,W","0","1,W","0","1,W","","","","","1","1,W","30","1,W","27","1,W","0","1,W","0","1,W","22","","1","","20211018",",1,W","","","","","","","20211006",",1,W","20211031",",1,W","-22.7","1,W,18,","","","","","0.3","1,,W,06,","2.8","1,W,31,","1863.9","W","772.7","1,W","0.3","1,,,W","","","-7.43","1,W","-4.46","1,,,W","-10.39","1,,,W","190","1,W","190","1,W","10.7","1,W","13.4","1,W"
"USC00500270","2021-11","68.16667","-151.76667","640.1","ANAKTUVUK PASS, AK US","","","","","","","","","","","","","","","","","","","","","","","","","","","17","","","","","","","","","","","","","","","","","","","","","","","","","","","","","","","","","","","","","","","","","","","","","","",""
"USC00500270","2021-12","68.16667","-151.76667","640.1","ANAKTUVUK PASS, AK US","6.0","4,W","","","0.0","4,W","0","4,W","0","4,W","0","4,W","","","","","22","4,W","27","4,W","27","4,W","0","4,W","0","4,W","20","","","","20211215",",4,W","","","","","","","20211231","+,4,W","20211220","+,4,W","-37.7","4,W,15,","","","","","0.0","4,T,W,31,+","-2.1","4,W,20,+","","","1112.3","4,W","0.0","4,T,,W","","","-22.86","4,W","-19.14","4,,,W","-26.59","4,,,W","180","4,W","160","4,W","14.8","4,W","20.6","4,W"
"USC00500270","2022-01","68.16667","-151.76667","640.1","ANAKTUVUK PASS, AK US","4.6","1,W","0.0","W","0.0","1,W","0","1,W","0","1,W","0","1,W","","","","","28","1,W","30","1,W","29","1,W","0","1,W","0","1,W","11","","1","","20220120","+,1,W","","","","","","","20220131","+,1,W","20220124",",1,W","-36.6","1,W,20,+","","","","","0.0","1,T,W,31,+","1.1","1,W,24,","","","1330.7","1,W","0.0","1,T,,W","","","-26.02","1,W","-22.14","1,,,W","-29.90","1,,,W","60","1,W","160","1,W","11.2","1,W","13.9","1,W"
"USC00500270","2022-02","68.16667","-151.76667","640.1","ANAKTUVUK PASS, AK US","4.3","3,W","0.0","W","0.0","3,W","0","3,W","0","3,W","0","3,W","","","","","21","3,W","25","3,W","25","3,W","0","3,W","0","3,W","14","","1","","20220208",",3,W","","","","","","","20220228","+,3,W","20220226",",3,W","-41.6","3,W,08,","","","","","0.0","3,T,W,28,+","-2.1","3,W,26,","","","1143.5","3,W","0.0","3,T,,W","","","-27.41","3,W","-23.34","3,,,W","-31.47","3,,,W","240","3,W","230","3,W","11.6","3,W","14.3","3,W"
"USC00500270","2022-03","68.16667","-151.76667","640.1","ANAKTUVUK PASS, AK US","","","","","","","","","","","","","","","","","","","","","","","","","","","12","","1","","","","","","","","","","","","","","","","","","","","","","","","","","","","","","","","","","","","","","","","","","","","",""
"USC00500270","2022-04","68.16667","-151.76667","640.1","ANAKTUVUK PASS, AK US","3.5","2,W","","","0.0","2,W","0","2,W","0","2,W","0","2,W","","","","","10","2,W","28","2,W","21","2,W","0","2,W","0","2,W","8","","","","20220403",",2,W","","","","","","","20220428","+,2,W","20220430",",2,W","-33.8","2,W,03,","","","","","0.0","2,T,W,28,+","7.8","2,W,30,","","","847.3","2,W","0.0","2,T,,W","","","-11.93","2,W","-5.61","2,,,W","-18.24","2,,,W","40","2,W","60","2,W","10.7","2,W","12.5","2,W"
"USC00500270","2022-05","68.16667","-151.76667","640.1","ANAKTUVUK PASS, AK US","4.2",",W","","","0.0",",W","4",",W","0",",W","0",",W","","","","","0",",W","27",",W","6",",W","0",",W","0",",W","21","","6","","20220514",",,W","","","","","","","20220526",",,W","20220531",",,W","-14.3",",W,14,","","","","","0.8",",,W,26,","16.7",",W,31,","","","559.1",",W","2.1",",,,W","","","0.30",",W","5.71",",,,W","-5.11",",,,W","50",",W","50",",W","11.2",",W","13.9",",W"
"USC00500270","2022-06","68.16667","-151.76667","640.1","ANAKTUVUK PASS, AK US","4.2",",W","","","0.0",",W","10",",W","2",",W","0",",W","","","","","0",",W","10",",W","0",",W","4",",W","0",",W","9","","3","","20220608",",,W","","","","","","","20220628",",,W","20220630",",,W","-3.8",",W,08,","","","","","6.6",",,W,28,","23.9",",W,30,","","","274.5",",W","14.3",",,,W","","","9.18",",W","14.99",",,,W","3.38",",,,W","250",",W","240",",W","11.6",",W","16.1",",W"
"USC00500270","2022-07","68.16667","-151.76667","640.1","ANAKTUVUK PASS, AK US","3.2","2,W","","","0.0","1,W","16","1,W","6","1,W","0","1,W","","","","","0","1,W","0","1,W","0","1,W","9","1,W","0","1,W","10","","2","","20220713",",1,W","","","","","","","20220725",",1,W","20220710","+,1,W","0.6","1,W,13,","","","","","9.9","1,,W,25,","24.4","1,W,10,+","217.9","W","217.9","1,W","37.3","1,,,W","","","11.07","1,W","15.95","1,,,W","6.19","1,,,W","50","1,W","200","1,W","9.8","1,W","13.0","1,W"
"USC00500270","2022-08","68.16667","-151.76667","640.1","ANAKTUVUK PASS, AK US","4.0",",W","","","0.0",",W","23",",W","6",",W","0",",W","","","","","0",",W","4",",W","0",",W","1",",W","0",",W","18","","10","","20220818",",,W","","","","","","","20220814",",,W","20220803",",,W","-0.5",",W,18,","","","","","9.4",",,W,14,","21.1",",W,03,","559.2","W","341.3",",W","56.1",",,,W","","","7.32",",W","11.25",",,,W","3.39",",,,W","240",",W","230",",W","10.7",",W","14.3",",W"
"USC00500270","2022-09","68.16667","-151.76667","640.1","ANAKTUVUK PASS, AK US","3.0",",W","","","0.0",",W","16",",W","2",",W","0",",W","","","","","0",",W","18",",W","3",",W","0",",W","0",",W","15","","4","","20220927",",,W","","","","","","","20220909",",,W","20220908",",,W","-11.6",",W,27,","","","","","4.6",",,W,09,","13.9",",W,08,","1019.7","W","460.5",",W","18.1",",,,W","","","2.98",",W","6.91",",,,W","-0.95",",,,W","170",",W","160",",W","11.2",",W","16.1",",W"
"USC00500270","2022-10","68.16667","-151.76667","640.1","ANAKTUVUK PASS, AK US","3.6",",W","","","0.0",",W","1",",W","0",",W","0",",W","","","","","8",",W","31",",W","26",",W","0",",W","0",",W","19","","2","","20221025",",,W","","","","","","","20221006",",,W","20221006",",,W","-24.3",",W,25,","","","","","1.5",",,W,06,","6.1",",W,06,","1875.6","W","855.9",",W","1.5",",,,W","","","-9.28",",W","-5.59",",,,W","-12.96",",,,W","170",",W","170",",W","15.7",",W","20.6",",W"
"USC00500270","2022-11","68.16667","-151.76667","640.1","ANAKTUVUK PASS, AK US","4.5",",W","","","0.0",",W","0",",W","0",",W","0",",W","","","","","15",",W","30",",W","30",",W","0",",W","0",",W","23","","","","20221128",",,W","","","","","","","20221130","+,,W","20221118","+,,W","-33.2",",W,28,","","","","","0.0",",T,W,30,+","-1.0",",W,18,+","2874.7","W","999.1",",W","0.0",",T,,W","","","-14.97",",W","-11.54",",,,W","-18.40",",,,W","190",",W","190",",W","14.3",",W","17.4",",W"
"USC00500270","2022-12","68.16667","-151.76667","640.1","ANAKTUVUK PASS, AK US","4.4","3,W","","","0.0","3,W","1","3,W","0","3,W","0","3,W","","","","","22","3,W","28","3,W","28","3,W","0","3,W","0","3,W","19","","3","","20221226",",3,W","","","","","","","20221201",",3,W","20221204",",3,W","-37.7","3,W,26,","","","","","0.3","3,,W,01,","-0.5","3,W,04,","3960.6","W","1085.9","3,W","0.3","3,,,W","","","-20.45","3,W","-16.08","3,,,W","-24.82","3,,,W","220","3,W","220","3,W","14.8","3,W","18.3","3,W"
"USC00500270","2023-01","68.16667","-151.76667","640.1","ANAKTUVUK PASS, AK US","4.1",",W","0.0","","0.0",",W","0",",W","0",",W","0",",W","","","","","28",",W","31",",W","31",",W","0",",W","0",",W","15","","","","20230127",",,W","","","","","","","20230130","+,,W","20230103",",,W","-31.6",",W,27,","","","","","0.0",",T,W,30,+","-8.2",",W,03,","5191.7","","1231.1",",W","0.0",",T,,W","","","-21.38",",W","-18.18",",,,W","-24.58",",,,W","220",",W","230",",W","13.4",",W","16.1",",W"
"USC00500270","2023-02","68.16667","-151.76667","640.1","ANAKTUVUK PASS, AK US","3.7",",W","0.0","","0.0",",W","0",",W","0",",W","0",",W","","","","","26",",W","28",",W","28",",W","0",",W","0",",W","13","","2","","20230203",",,W","","","","","","","20230228","+,,W","20230223",",,W","-38.2",",W,03,","","","","","0.0",",T,W,28,+","-5.5",",W,23,","6386.7","","1195.0",",W","0.0",",T,,W","","","-24.35",",W","-19.82",",,,W","-28.87",",,,W","240",",W","240",",W","13.9",",W","17.0",",W"
"USC00500270","2023-03","68.16667","-151.76667","640.1","ANAKTUVUK PASS, AK US","5.2",",W","0.0","","0.0",",W","0",",W","0",",W","0",",W","","","","","19",",W","31",",W","31",",W","0",",W","0",",W","12","","1","","20230316","+,,W","","","","","","","20230330","+,,W","20230327",",,W","-33.2",",W,16,+","","","","","0.0",",T,W,30,+","-0.5",",W,27,","7465.3","","1078.6",",W","0.0",",T,,W","","","-16.46",",W","-11.08",",,,W","-21.84",",,,W","170",",W","230",",W","15.7",",W","17.9",",W"
"USC00500270","2023-04","68.16667","-151.76667","640.1","ANAKTUVUK PASS, AK US","4.3",",W","0.0","","0.0",",W","3",",W","0",",W","0",",W","","","","","23",",W","30",",W","26",",W","0",",W","0",",W","8","","2","","20230407",",,W","","","","","","","20230420",",,W","20230429",",,W","-34.3",",W,07,","","","","","0.8",",,W,20,","2.2",",W,29,","8564.4","","1099.1",",W","1.6",",,,W","","","-18.31",",W","-11.86",",,,W","-24.75",",,,W","50",",W","60",",W","13.4",",W","15.7",",W"
"USC00500270","2023-05","68.16667","-151.76667","640.1","ANAKTUVUK PASS, AK US","3.9","3,W","0.0","","0.0","3,W","9","3,W","2","3,W","0","3,W","","","","","0","3,W","24","3,W","0","3,W","0","3,W","0","3,W","19","","5","","20230505",",3,W","","","","","","","20230530",",3,W","20230522",",3,W","-12.7","3,W,05,","","","","","4.8","3,,W,30,","16.7","3,W,22,","9017.8","","453.4","3,W","13.5","3,,,W","","","2.14","3,W","7.91","3,,,W","-3.64","3,,,W","230","3,W","220","3,W","13.4","3,W","19.2","3,W"
"USC00500270","2023-06","68.16667","-151.76667","640.1","ANAKTUVUK PASS, AK US","3.8","1,W","0.0","","0.0","1,W","18","1,W","5","1,W","0","1,W","","","","","0","1,W","5","1,W","1","1,W","1","1,W","0","1,W","10","","3","","20230601",",1,W","","","","","","","20230609",",1,W","20230624",",1,W","-4.9","1,W,01,","","","","","8.4","1,,W,09,","21.7","1,W,24,","9295.7","","277.9","1,W","36.8","1,,,W","","","8.75","1,W","13.61","1,,,W","3.89","1,,,W","170","1,W","170","1,W","13.0","1,W","17.0","1,W"
"USC00500270","2023-07","68.16667","-151.76667","640.1","ANAKTUVUK PASS, AK US","","","","","","","","","","","","","","","","","","","","","","","","","","","4","","","","","","","","","","","","","","","","","","","","","","","","","","","","","","","","","","","","","","","","","","","","","","",""
